"WORD_ID","WORD","CATEGORY","SEVERITY"
1,"damn","Profanity","MEDIUM"
2,"hell","Profanity","MEDIUM"
3,"crap","Profanity","MEDIUM"
4,"bastard","Profanity","HIGH"
5,"idiot","Profanity","HIGH"
6,"stupid","Profanity","MEDIUM"
7,"moron","Profanity","HIGH"
8,"jerk","Profanity","MEDIUM"
9,"fool","Profanity","MEDIUM"
10,"dumb","Profanity","MEDIUM"
11,"shut up","Profanity","MEDIUM"
12,"piss","Profanity","HIGH"
13,"screw you","Profanity","HIGH"
14,"bullshit","Profanity","HIGH"
15,"asshole","Profanity","HIGH"
16,"bloody","Profanity","MEDIUM"
17,"bugger","Profanity","MEDIUM"
18,"bollocks","Profanity","HIGH"
19,"wanker","Profanity","HIGH"
20,"git","Profanity","MEDIUM"
21,"sod off","Profanity","HIGH"
22,"tosser","Profanity","HIGH"
23,"prick","Profanity","HIGH"
24,"dickhead","Profanity","HIGH"
25,"arse","Profanity","MEDIUM"
26,"bitch","Profanity","HIGH"
27,"slag","Profanity","HIGH"
28,"twat","Profanity","HIGH"
29,"muppet","Profanity","MEDIUM"
30,"numpty","Profanity","MEDIUM"
31,"pillock","Profanity","MEDIUM"
32,"plonker","Profanity","MEDIUM"
33,"cretin","Profanity","HIGH"
34,"halfwit","Profanity","MEDIUM"
35,"dimwit","Profanity","MEDIUM"
36,"nitwit","Profanity","MEDIUM"
37,"jackass","Profanity","HIGH"
38,"dirtbag","Profanity","HIGH"
39,"scumbag","Profanity","HIGH"
40,"lowlife","Profanity","HIGH"
41,"trash","Profanity","MEDIUM"
42,"worthless","Profanity","MEDIUM"
43,"pathetic","Profanity","MEDIUM"
44,"disgusting","Profanity","MEDIUM"
45,"revolting","Profanity","MEDIUM"
46,"offensive","Profanity","MEDIUM"
47,"vulgar","Profanity","MEDIUM"
48,"obscene","Profanity","HIGH"
49,"profane","Profanity","HIGH"
50,"abusive","Profanity","HIGH"
51,"hostile","Profanity","MEDIUM"
52,"aggressive","Profanity","MEDIUM"
53,"threatening","Profanity","HIGH"
54,"intimidating","Profanity","HIGH"
55,"harassing","Profanity","HIGH"
56,"degrading","Profanity","HIGH"
57,"derogatory","Profanity","HIGH"
58,"insulting","Profanity","HIGH"
59,"disrespectful","Profanity","MEDIUM"
60,"rude","Profanity","MEDIUM"
61,"obnoxious","Profanity","MEDIUM"
62,"vile","Profanity","HIGH"
63,"nasty","Profanity","MEDIUM"
64,"horrible","Profanity","MEDIUM"
65,"terrible","Profanity","LOW"
66,"awful","Profanity","LOW"
67,"rubbish","Profanity","LOW"
68,"useless","Profanity","MEDIUM"
69,"incompetent","Profanity","MEDIUM"
70,"hopeless","Profanity","MEDIUM"
71,"lazy","Profanity","MEDIUM"
72,"arrogant","Profanity","MEDIUM"
73,"condescending","Profanity","MEDIUM"
74,"patronizing","Profanity","MEDIUM"
75,"sarcastic","Profanity","LOW"
76,"belittling","Profanity","MEDIUM"
77,"mocking","Profanity","MEDIUM"
78,"ridiculing","Profanity","MEDIUM"
79,"humiliating","Profanity","HIGH"
80,"embarrassing","Profanity","MEDIUM"
81,"shameful","Profanity","MEDIUM"
82,"despicable","Profanity","HIGH"
83,"contemptible","Profanity","HIGH"
84,"loathsome","Profanity","HIGH"
85,"repugnant","Profanity","HIGH"
86,"repulsive","Profanity","HIGH"
87,"detestable","Profanity","HIGH"
88,"abhorrent","Profanity","HIGH"
89,"atrocious","Profanity","HIGH"
90,"appalling","Profanity","HIGH"
91,"disgraceful","Profanity","HIGH"
92,"outrageous","Profanity","MEDIUM"
93,"scandalous","Profanity","MEDIUM"
94,"unacceptable","Profanity","LOW"
95,"intolerable","Profanity","MEDIUM"
96,"insufferable","Profanity","MEDIUM"
97,"unbearable","Profanity","MEDIUM"
98,"horrendous","Profanity","HIGH"
99,"dreadful","Profanity","MEDIUM"
100,"ghastly","Profanity","MEDIUM"
101,"grotesque","Profanity","HIGH"
102,"hideous","Profanity","MEDIUM"
103,"monstrous","Profanity","HIGH"
104,"wretched","Profanity","MEDIUM"
105,"miserable","Profanity","MEDIUM"
106,"pitiful","Profanity","MEDIUM"
107,"lame","Profanity","LOW"
108,"crappy","Profanity","MEDIUM"
109,"shoddy","Profanity","MEDIUM"
110,"lousy","Profanity","MEDIUM"
111,"rotten","Profanity","MEDIUM"
112,"stinking","Profanity","MEDIUM"
113,"filthy","Profanity","HIGH"
114,"dirty","Profanity","MEDIUM"
115,"foul","Profanity","HIGH"
116,"putrid","Profanity","HIGH"
117,"toxic","Profanity","MEDIUM"
118,"poisonous","Profanity","MEDIUM"
119,"venomous","Profanity","MEDIUM"
120,"malicious","Profanity","HIGH"
121,"spiteful","Profanity","HIGH"
122,"vindictive","Profanity","HIGH"
123,"hateful","Profanity","HIGH"
124,"bigoted","Profanity","HIGH"
125,"prejudiced","Profanity","HIGH"
126,"discriminatory","Profanity","HIGH"
127,"racist","Profanity","HIGH"
128,"sexist","Profanity","HIGH"
129,"homophobic","Profanity","HIGH"
130,"xenophobic","Profanity","HIGH"
131,"intolerant","Profanity","HIGH"
132,"narrow-minded","Profanity","MEDIUM"
133,"ignorant","Profanity","MEDIUM"
134,"backward","Profanity","MEDIUM"
135,"primitive","Profanity","MEDIUM"
136,"uncivilized","Profanity","HIGH"
137,"savage","Profanity","HIGH"
138,"barbaric","Profanity","HIGH"
139,"brutal","Profanity","HIGH"
140,"cruel","Profanity","HIGH"
141,"vicious","Profanity","HIGH"
142,"heartless","Profanity","HIGH"
143,"cold-blooded","Profanity","HIGH"
144,"ruthless","Profanity","HIGH"
145,"merciless","Profanity","HIGH"
146,"callous","Profanity","HIGH"
147,"inhumane","Profanity","HIGH"
148,"sadistic","Profanity","HIGH"
149,"twisted","Profanity","MEDIUM"
150,"perverted","Profanity","HIGH"
151,"depraved","Profanity","HIGH"
152,"corrupt","Profanity","HIGH"
153,"crooked","Profanity","MEDIUM"
154,"sleazy","Profanity","HIGH"
155,"slimy","Profanity","MEDIUM"
156,"sly","Profanity","MEDIUM"
157,"sneaky","Profanity","MEDIUM"
158,"devious","Profanity","MEDIUM"
159,"deceitful","Profanity","HIGH"
160,"dishonest","Profanity","HIGH"
161,"lying","Profanity","HIGH"
162,"cheating","Profanity","HIGH"
163,"fraudulent","Profanity","HIGH"
164,"fake","Profanity","MEDIUM"
165,"phony","Profanity","MEDIUM"
166,"bogus","Profanity","MEDIUM"
167,"sham","Profanity","MEDIUM"
168,"con artist","Profanity","HIGH"
169,"scammer","Profanity","HIGH"
170,"thief","Profanity","HIGH"
171,"crook","Profanity","HIGH"
172,"criminal","Profanity","HIGH"
173,"delinquent","Profanity","MEDIUM"
174,"hooligan","Profanity","MEDIUM"
175,"thug","Profanity","HIGH"
176,"bully","Profanity","HIGH"
177,"brute","Profanity","HIGH"
178,"monster","Profanity","HIGH"
179,"beast","Profanity","MEDIUM"
180,"animal","Profanity","MEDIUM"
181,"pig","Profanity","MEDIUM"
182,"dog","Profanity","MEDIUM"
183,"rat","Profanity","MEDIUM"
184,"snake","Profanity","MEDIUM"
185,"worm","Profanity","MEDIUM"
186,"parasite","Profanity","HIGH"
187,"leech","Profanity","MEDIUM"
188,"pest","Profanity","MEDIUM"
189,"vermin","Profanity","HIGH"
190,"scum","Profanity","HIGH"
191,"dregs","Profanity","HIGH"
192,"bottom-feeder","Profanity","HIGH"
193,"degenerate","Profanity","HIGH"
194,"deviant","Profanity","HIGH"
195,"freak","Profanity","HIGH"
196,"weirdo","Profanity","MEDIUM"
197,"psycho","Profanity","HIGH"
198,"maniac","Profanity","HIGH"
199,"lunatic","Profanity","HIGH"
200,"nutcase","Profanity","MEDIUM"
201,"nutjob","Profanity","MEDIUM"
202,"bonkers","Profanity","LOW"
203,"mental","Profanity","MEDIUM"
204,"crazy","Profanity","MEDIUM"
205,"insane","Profanity","MEDIUM"
206,"deranged","Profanity","HIGH"
207,"unhinged","Profanity","HIGH"
208,"unstable","Profanity","MEDIUM"
209,"volatile","Profanity","MEDIUM"
210,"erratic","Profanity","MEDIUM"
211,"irrational","Profanity","MEDIUM"
212,"unreasonable","Profanity","LOW"
213,"absurd","Profanity","LOW"
214,"ridiculous","Profanity","LOW"
215,"ludicrous","Profanity","LOW"
216,"preposterous","Profanity","LOW"
217,"nonsensical","Profanity","LOW"
218,"moronic","Profanity","HIGH"
219,"imbecilic","Profanity","HIGH"
220,"brainless","Profanity","MEDIUM"
221,"dense","Profanity","MEDIUM"
222,"thick","Profanity","MEDIUM"
223,"clueless","Profanity","MEDIUM"
224,"oblivious","Profanity","LOW"
225,"naive","Profanity","LOW"
226,"gullible","Profanity","LOW"
227,"spineless","Profanity","MEDIUM"
228,"cowardly","Profanity","MEDIUM"
229,"weak","Profanity","LOW"
230,"feeble","Profanity","MEDIUM"
231,"pathetic excuse","Profanity","HIGH"
232,"waste of space","Profanity","HIGH"
233,"good for nothing","Profanity","HIGH"
234,"piece of work","Profanity","MEDIUM"
235,"pain in the neck","Profanity","LOW"
236,"get lost","Profanity","MEDIUM"
237,"drop dead","Profanity","HIGH"
238,"go to hell","Profanity","HIGH"
239,"kiss my","Profanity","HIGH"
240,"up yours","Profanity","HIGH"
241,"bite me","Profanity","MEDIUM"
242,"shove it","Profanity","HIGH"
243,"stick it","Profanity","MEDIUM"
244,"blow off","Profanity","MEDIUM"
245,"piss off","Profanity","HIGH"
246,"bugger off","Profanity","HIGH"
247,"sod it","Profanity","MEDIUM"
248,"bollocks to that","Profanity","HIGH"
249,"what the hell","Profanity","MEDIUM"
250,"for gods sake","Profanity","LOW"
251,"bloody hell","Profanity","MEDIUM"
252,"goddamn","Profanity","MEDIUM"
253,"son of a","Profanity","HIGH"
254,"mother of","Profanity","MEDIUM"
255,"holy crap","Profanity","MEDIUM"
256,"freaking","Profanity","LOW"
257,"frigging","Profanity","MEDIUM"
258,"flipping","Profanity","LOW"
259,"blooming","Profanity","LOW"
260,"blasted","Profanity","MEDIUM"
261,"blimey","Profanity","LOW"
262,"crikey","Profanity","LOW"
263,"cor blimey","Profanity","LOW"
264,"strewth","Profanity","LOW"
265,"rats","Profanity","LOW"
266,"drat","Profanity","LOW"
267,"blast","Profanity","LOW"
268,"curses","Profanity","LOW"
269,"confound","Profanity","LOW"
270,"dagnabbit","Profanity","LOW"
271,"doggone","Profanity","LOW"
272,"dadgum","Profanity","LOW"
273,"tarnation","Profanity","LOW"
274,"heck","Profanity","LOW"
275,"darn","Profanity","LOW"
276,"gosh","Profanity","LOW"
277,"golly","Profanity","LOW"
278,"jeez","Profanity","LOW"
279,"geez","Profanity","LOW"
280,"gee whiz","Profanity","LOW"
281,"crikey moses","Profanity","LOW"
282,"for crying out loud","Profanity","LOW"
283,"shut your mouth","Profanity","MEDIUM"
284,"shut your face","Profanity","HIGH"
285,"zip it","Profanity","MEDIUM"
286,"shut it","Profanity","MEDIUM"
287,"pipe down","Profanity","LOW"
288,"can it","Profanity","MEDIUM"
289,"stuff it","Profanity","MEDIUM"
290,"knock it off","Profanity","LOW"
291,"cut it out","Profanity","LOW"
292,"back off","Profanity","MEDIUM"
293,"get stuffed","Profanity","HIGH"
294,"naff off","Profanity","MEDIUM"
295,"do one","Profanity","MEDIUM"
296,"jog on","Profanity","LOW"
297,"wind your neck in","Profanity","MEDIUM"
298,"shut your gob","Profanity","MEDIUM"
299,"belt up","Profanity","MEDIUM"
300,"put a sock in it","Profanity","MEDIUM"
301,"give over","Profanity","LOW"
302,"pack it in","Profanity","LOW"
303,"leave it out","Profanity","LOW"
304,"give it a rest","Profanity","LOW"
305,"do me a favour","Profanity","LOW"
306,"get a grip","Profanity","MEDIUM"
307,"get real","Profanity","LOW"
308,"wake up","Profanity","LOW"
309,"grow up","Profanity","MEDIUM"
310,"get a life","Profanity","MEDIUM"
311,"loser","Profanity","HIGH"
312,"failure","Profanity","MEDIUM"
313,"disgrace","Profanity","HIGH"
314,"embarrassment","Profanity","MEDIUM"
315,"disappointment","Profanity","MEDIUM"
316,"liability","Profanity","MEDIUM"
317,"burden","Profanity","MEDIUM"
318,"deadweight","Profanity","HIGH"
319,"freeloader","Profanity","HIGH"
320,"scrounger","Profanity","HIGH"
321,"sponger","Profanity","HIGH"
322,"dosser","Profanity","MEDIUM"
323,"layabout","Profanity","MEDIUM"
324,"slacker","Profanity","MEDIUM"
325,"shirker","Profanity","MEDIUM"
326,"skiver","Profanity","MEDIUM"
327,"waster","Profanity","HIGH"
328,"dropout","Profanity","MEDIUM"
329,"deadbeat","Profanity","HIGH"
330,"bum","Profanity","MEDIUM"
331,"tramp","Profanity","HIGH"
332,"scruffy","Profanity","LOW"
333,"grubby","Profanity","LOW"
334,"grotty","Profanity","LOW"
335,"manky","Profanity","LOW"
336,"minging","Profanity","MEDIUM"
337,"rank","Profanity","MEDIUM"
338,"grim","Profanity","LOW"
339,"vomit-inducing","Profanity","MEDIUM"
340,"stomach-turning","Profanity","MEDIUM"
341,"sickening","Profanity","MEDIUM"
342,"nauseating","Profanity","MEDIUM"
401,"lawsuit","Legal","HIGH"
402,"litigation","Legal","HIGH"
403,"sue","Legal","HIGH"
404,"attorney","Legal","HIGH"
405,"lawyer","Legal","HIGH"
406,"solicitor","Legal","HIGH"
407,"barrister","Legal","HIGH"
408,"legal action","Legal","HIGH"
409,"court order","Legal","HIGH"
410,"injunction","Legal","HIGH"
411,"subpoena","Legal","HIGH"
412,"summons","Legal","HIGH"
413,"tribunal","Legal","HIGH"
414,"arbitration","Legal","HIGH"
415,"mediation","Legal","MEDIUM"
416,"settlement","Legal","HIGH"
417,"compensation","Legal","HIGH"
418,"damages","Legal","HIGH"
419,"liability","Legal","HIGH"
420,"negligence","Legal","HIGH"
421,"breach of contract","Legal","HIGH"
422,"breach of duty","Legal","HIGH"
423,"duty of care","Legal","HIGH"
424,"malpractice","Legal","HIGH"
425,"misconduct","Legal","HIGH"
426,"malfeasance","Legal","HIGH"
427,"nonfeasance","Legal","HIGH"
428,"tortious","Legal","HIGH"
429,"tort","Legal","HIGH"
430,"indemnity","Legal","HIGH"
431,"indemnification","Legal","HIGH"
432,"class action","Legal","HIGH"
433,"plaintiff","Legal","HIGH"
434,"defendant","Legal","HIGH"
435,"claimant","Legal","HIGH"
436,"respondent","Legal","HIGH"
437,"prosecution","Legal","HIGH"
438,"conviction","Legal","HIGH"
439,"verdict","Legal","HIGH"
440,"judgment","Legal","HIGH"
441,"decree","Legal","HIGH"
442,"ruling","Legal","HIGH"
443,"statute","Legal","MEDIUM"
444,"regulation","Legal","MEDIUM"
445,"compliance violation","Legal","HIGH"
446,"regulatory breach","Legal","HIGH"
447,"statutory obligation","Legal","MEDIUM"
448,"legal requirement","Legal","MEDIUM"
449,"legal obligation","Legal","MEDIUM"
450,"binding agreement","Legal","MEDIUM"
451,"contractual obligation","Legal","MEDIUM"
452,"terms and conditions","Legal","LOW"
453,"fine print","Legal","MEDIUM"
454,"disclaimer","Legal","LOW"
455,"waiver","Legal","MEDIUM"
456,"release of liability","Legal","HIGH"
457,"hold harmless","Legal","HIGH"
458,"force majeure","Legal","MEDIUM"
459,"act of god","Legal","MEDIUM"
460,"material breach","Legal","HIGH"
461,"fundamental breach","Legal","HIGH"
462,"anticipatory breach","Legal","HIGH"
463,"repudiation","Legal","HIGH"
464,"rescission","Legal","HIGH"
465,"termination for cause","Legal","HIGH"
466,"wrongful termination","Legal","HIGH"
467,"unfair dismissal","Legal","HIGH"
468,"constructive dismissal","Legal","HIGH"
469,"discrimination","Legal","HIGH"
470,"harassment claim","Legal","HIGH"
471,"sexual harassment","Legal","HIGH"
472,"hostile environment","Legal","HIGH"
473,"retaliation","Legal","HIGH"
474,"whistleblower","Legal","HIGH"
475,"protected disclosure","Legal","HIGH"
476,"data breach","Legal","HIGH"
477,"privacy violation","Legal","HIGH"
478,"GDPR violation","Legal","HIGH"
479,"data protection","Legal","MEDIUM"
480,"subject access request","Legal","HIGH"
481,"right to erasure","Legal","HIGH"
482,"right to be forgotten","Legal","HIGH"
483,"information commissioner","Legal","HIGH"
484,"ICO complaint","Legal","HIGH"
485,"FCA complaint","Legal","HIGH"
486,"ombudsman","Legal","HIGH"
487,"financial ombudsman","Legal","HIGH"
488,"regulatory body","Legal","MEDIUM"
489,"watchdog","Legal","MEDIUM"
490,"enforcement action","Legal","HIGH"
491,"penalty notice","Legal","HIGH"
492,"cease and desist","Legal","HIGH"
493,"restraining order","Legal","HIGH"
494,"non-disclosure","Legal","MEDIUM"
495,"confidentiality breach","Legal","HIGH"
496,"trade secret","Legal","HIGH"
497,"intellectual property","Legal","MEDIUM"
498,"patent infringement","Legal","HIGH"
499,"copyright violation","Legal","HIGH"
500,"trademark infringement","Legal","HIGH"
501,"defamation","Legal","HIGH"
502,"libel","Legal","HIGH"
503,"slander","Legal","HIGH"
504,"character assassination","Legal","HIGH"
505,"false accusation","Legal","HIGH"
506,"perjury","Legal","HIGH"
507,"fraud","Legal","HIGH"
508,"forgery","Legal","HIGH"
509,"embezzlement","Legal","HIGH"
510,"money laundering","Legal","HIGH"
511,"insider trading","Legal","HIGH"
512,"market manipulation","Legal","HIGH"
513,"ponzi scheme","Legal","HIGH"
514,"pyramid scheme","Legal","HIGH"
515,"racketeering","Legal","HIGH"
516,"extortion","Legal","HIGH"
517,"blackmail","Legal","HIGH"
518,"bribery","Legal","HIGH"
519,"corruption","Legal","HIGH"
520,"kickback","Legal","HIGH"
521,"collusion","Legal","HIGH"
522,"conspiracy","Legal","HIGH"
523,"criminal intent","Legal","HIGH"
524,"mens rea","Legal","HIGH"
525,"actus reus","Legal","HIGH"
526,"beyond reasonable doubt","Legal","HIGH"
527,"balance of probabilities","Legal","HIGH"
528,"preponderance of evidence","Legal","HIGH"
529,"burden of proof","Legal","MEDIUM"
530,"prima facie","Legal","MEDIUM"
531,"res judicata","Legal","MEDIUM"
532,"habeas corpus","Legal","HIGH"
533,"due process","Legal","MEDIUM"
534,"natural justice","Legal","MEDIUM"
535,"judicial review","Legal","HIGH"
536,"appeal","Legal","MEDIUM"
537,"cross-examination","Legal","MEDIUM"
538,"deposition","Legal","HIGH"
539,"affidavit","Legal","HIGH"
540,"sworn statement","Legal","HIGH"
541,"testimony","Legal","HIGH"
542,"witness statement","Legal","HIGH"
543,"expert witness","Legal","HIGH"
544,"forensic evidence","Legal","HIGH"
545,"circumstantial evidence","Legal","MEDIUM"
546,"hearsay","Legal","MEDIUM"
547,"admissible evidence","Legal","MEDIUM"
548,"discovery","Legal","HIGH"
549,"disclosure","Legal","MEDIUM"
550,"privilege","Legal","MEDIUM"
551,"without prejudice","Legal","MEDIUM"
552,"on the record","Legal","MEDIUM"
553,"off the record","Legal","MEDIUM"
554,"pro bono","Legal","LOW"
555,"contingency fee","Legal","MEDIUM"
556,"legal aid","Legal","LOW"
557,"court costs","Legal","MEDIUM"
558,"punitive damages","Legal","HIGH"
559,"exemplary damages","Legal","HIGH"
560,"aggravated damages","Legal","HIGH"
561,"general damages","Legal","HIGH"
562,"special damages","Legal","HIGH"
563,"consequential loss","Legal","HIGH"
564,"loss of earnings","Legal","HIGH"
565,"pain and suffering","Legal","HIGH"
566,"emotional distress","Legal","HIGH"
567,"mental anguish","Legal","HIGH"
568,"personal injury","Legal","HIGH"
569,"wrongful death","Legal","HIGH"
570,"medical negligence","Legal","HIGH"
571,"clinical negligence","Legal","HIGH"
572,"product liability","Legal","HIGH"
573,"strict liability","Legal","HIGH"
574,"vicarious liability","Legal","HIGH"
575,"occupier liability","Legal","HIGH"
576,"employer liability","Legal","HIGH"
577,"public liability","Legal","HIGH"
578,"professional indemnity","Legal","HIGH"
579,"errors and omissions","Legal","HIGH"
580,"fiduciary duty","Legal","HIGH"
581,"conflict of interest","Legal","HIGH"
582,"undue influence","Legal","HIGH"
583,"duress","Legal","HIGH"
584,"coercion","Legal","HIGH"
585,"unconscionable","Legal","HIGH"
586,"misrepresentation","Legal","HIGH"
587,"fraudulent misrepresentation","Legal","HIGH"
588,"negligent misrepresentation","Legal","HIGH"
589,"innocent misrepresentation","Legal","MEDIUM"
590,"estoppel","Legal","MEDIUM"
591,"laches","Legal","MEDIUM"
592,"statute of limitations","Legal","HIGH"
593,"limitation period","Legal","HIGH"
594,"time-barred","Legal","HIGH"
595,"prescription","Legal","MEDIUM"
596,"out of time","Legal","HIGH"
597,"jurisdictional","Legal","MEDIUM"
598,"applicable law","Legal","MEDIUM"
599,"governing law","Legal","MEDIUM"
600,"forum shopping","Legal","HIGH"
601,"lis pendens","Legal","HIGH"
602,"interlocutory","Legal","MEDIUM"
603,"preliminary injunction","Legal","HIGH"
604,"temporary restraining","Legal","HIGH"
605,"permanent injunction","Legal","HIGH"
606,"specific performance","Legal","HIGH"
607,"mandatory order","Legal","HIGH"
608,"prohibition order","Legal","HIGH"
609,"declaratory relief","Legal","HIGH"
610,"equitable remedy","Legal","HIGH"
611,"common law","Legal","LOW"
612,"case law","Legal","LOW"
613,"precedent","Legal","LOW"
614,"stare decisis","Legal","LOW"
615,"obiter dictum","Legal","LOW"
616,"ratio decidendi","Legal","LOW"
617,"ultra vires","Legal","HIGH"
618,"intra vires","Legal","LOW"
619,"quo warranto","Legal","HIGH"
620,"mandamus","Legal","HIGH"
621,"certiorari","Legal","HIGH"
622,"prohibition","Legal","HIGH"
623,"writ","Legal","HIGH"
624,"motion","Legal","MEDIUM"
625,"petition","Legal","MEDIUM"
626,"counterclaim","Legal","HIGH"
627,"cross-claim","Legal","HIGH"
628,"third-party claim","Legal","HIGH"
629,"contribution","Legal","MEDIUM"
630,"apportionment","Legal","MEDIUM"
631,"joint and several","Legal","HIGH"
632,"pro rata","Legal","LOW"
633,"quantum meruit","Legal","MEDIUM"
634,"unjust enrichment","Legal","HIGH"
635,"restitution","Legal","HIGH"
636,"tracing","Legal","HIGH"
637,"constructive trust","Legal","HIGH"
638,"resulting trust","Legal","HIGH"
639,"breach of trust","Legal","HIGH"
640,"breach of fiduciary","Legal","HIGH"
641,"misfeasance","Legal","HIGH"
642,"abuse of process","Legal","HIGH"
643,"vexatious litigant","Legal","HIGH"
644,"frivolous claim","Legal","HIGH"
645,"malicious prosecution","Legal","HIGH"
646,"abuse of power","Legal","HIGH"
647,"human rights violation","Legal","HIGH"
648,"civil liberties","Legal","MEDIUM"
649,"constitutional right","Legal","MEDIUM"
650,"fundamental right","Legal","MEDIUM"
651,"european convention","Legal","MEDIUM"
652,"charter of rights","Legal","MEDIUM"
653,"bill of rights","Legal","MEDIUM"
654,"freedom of speech","Legal","LOW"
655,"right to privacy","Legal","HIGH"
656,"right to fair trial","Legal","HIGH"
657,"access to justice","Legal","MEDIUM"
658,"equality before law","Legal","MEDIUM"
659,"non-discrimination","Legal","MEDIUM"
660,"positive discrimination","Legal","MEDIUM"
661,"affirmative action","Legal","MEDIUM"
662,"equal opportunities","Legal","LOW"
663,"reasonable adjustment","Legal","MEDIUM"
664,"disability discrimination","Legal","HIGH"
665,"age discrimination","Legal","HIGH"
666,"race discrimination","Legal","HIGH"
667,"gender discrimination","Legal","HIGH"
668,"religious discrimination","Legal","HIGH"
669,"victimization","Legal","HIGH"
670,"indirect discrimination","Legal","HIGH"
671,"direct discrimination","Legal","HIGH"
672,"occupational requirement","Legal","MEDIUM"
673,"proportionality","Legal","LOW"
674,"legitimate aim","Legal","MEDIUM"
675,"justification","Legal","LOW"
676,"objective justification","Legal","MEDIUM"
677,"comparator","Legal","MEDIUM"
678,"protected characteristic","Legal","HIGH"
679,"equality act","Legal","MEDIUM"
680,"employment rights","Legal","MEDIUM"
681,"workers rights","Legal","MEDIUM"
682,"trade union","Legal","LOW"
683,"collective bargaining","Legal","LOW"
684,"industrial action","Legal","MEDIUM"
685,"strike action","Legal","MEDIUM"
686,"lockout","Legal","MEDIUM"
687,"unfair labour practice","Legal","HIGH"
688,"minimum wage","Legal","MEDIUM"
689,"working time directive","Legal","MEDIUM"
690,"health and safety","Legal","MEDIUM"
691,"risk assessment","Legal","LOW"
692,"duty to report","Legal","HIGH"
693,"mandatory reporting","Legal","HIGH"
694,"safeguarding","Legal","HIGH"
695,"vulnerable person","Legal","HIGH"
696,"capacity","Legal","MEDIUM"
697,"power of attorney","Legal","HIGH"
698,"lasting power","Legal","HIGH"
699,"deputyship","Legal","HIGH"
700,"court of protection","Legal","HIGH"
701,"best interests","Legal","MEDIUM"
702,"mental capacity act","Legal","HIGH"
703,"deprivation of liberty","Legal","HIGH"
704,"informed consent","Legal","HIGH"
705,"valid consent","Legal","HIGH"
706,"express consent","Legal","MEDIUM"
707,"implied consent","Legal","MEDIUM"
708,"withdrawal of consent","Legal","HIGH"
709,"right to refuse","Legal","HIGH"
710,"advance directive","Legal","HIGH"
711,"living will","Legal","HIGH"
712,"do not resuscitate","Legal","HIGH"
713,"end of life","Legal","HIGH"
714,"palliative","Legal","LOW"
715,"euthanasia","Legal","HIGH"
716,"assisted suicide","Legal","HIGH"
717,"coroner","Legal","HIGH"
718,"inquest","Legal","HIGH"
719,"post mortem","Legal","HIGH"
720,"cause of death","Legal","HIGH"
721,"unlawful killing","Legal","HIGH"
722,"manslaughter","Legal","HIGH"
723,"murder","Legal","HIGH"
724,"grievous bodily harm","Legal","HIGH"
725,"actual bodily harm","Legal","HIGH"
726,"assault","Legal","HIGH"
727,"battery","Legal","HIGH"
728,"robbery","Legal","HIGH"
729,"burglary","Legal","HIGH"
730,"theft","Legal","HIGH"
731,"criminal damage","Legal","HIGH"
732,"arson","Legal","HIGH"
733,"vandalism","Legal","HIGH"
734,"trespass","Legal","HIGH"
735,"stalking","Legal","HIGH"
736,"voyeurism","Legal","HIGH"
737,"indecent exposure","Legal","HIGH"
738,"public order offence","Legal","HIGH"
739,"affray","Legal","HIGH"
740,"riot","Legal","HIGH"
741,"violent disorder","Legal","HIGH"
742,"possession of weapon","Legal","HIGH"
743,"offensive weapon","Legal","HIGH"
744,"controlled substance","Legal","HIGH"
745,"drug trafficking","Legal","HIGH"
746,"possession with intent","Legal","HIGH"
747,"supply of drugs","Legal","HIGH"
748,"proceeds of crime","Legal","HIGH"
749,"confiscation order","Legal","HIGH"
750,"restraint order","Legal","HIGH"
751,"freezing order","Legal","HIGH"
752,"mareva injunction","Legal","HIGH"
753,"anton piller","Legal","HIGH"
754,"search order","Legal","HIGH"
755,"warrant","Legal","HIGH"
756,"bail","Legal","HIGH"
757,"remand","Legal","HIGH"
758,"custody","Legal","HIGH"
759,"sentence","Legal","HIGH"
760,"probation","Legal","HIGH"
761,"community service","Legal","HIGH"
762,"suspended sentence","Legal","HIGH"
763,"parole","Legal","HIGH"
764,"rehabilitation","Legal","MEDIUM"
765,"spent conviction","Legal","MEDIUM"
766,"criminal record","Legal","HIGH"
767,"DBS check","Legal","MEDIUM"
768,"enhanced disclosure","Legal","HIGH"
769,"barring","Legal","HIGH"
770,"disqualification","Legal","HIGH"
771,"struck off","Legal","HIGH"
772,"fitness to practice","Legal","HIGH"
773,"professional misconduct","Legal","HIGH"
774,"serious misconduct","Legal","HIGH"
775,"gross misconduct","Legal","HIGH"
776,"summary dismissal","Legal","HIGH"
777,"disciplinary hearing","Legal","HIGH"
778,"grievance procedure","Legal","MEDIUM"
779,"formal complaint","Legal","HIGH"
780,"informal resolution","Legal","LOW"
781,"mediation agreement","Legal","MEDIUM"
782,"consent order","Legal","HIGH"
783,"tomlin order","Legal","HIGH"
784,"costs order","Legal","HIGH"
785,"wasted costs","Legal","HIGH"
786,"security for costs","Legal","HIGH"
787,"interim payment","Legal","HIGH"
788,"part 36 offer","Legal","HIGH"
789,"calderbank offer","Legal","HIGH"
790,"without prejudice save as to costs","Legal","HIGH"
801,"credit card number","Financial","HIGH"
802,"card number","Financial","HIGH"
803,"card details","Financial","HIGH"
804,"CVV","Financial","HIGH"
805,"CVC","Financial","HIGH"
806,"security code","Financial","HIGH"
807,"expiry date","Financial","MEDIUM"
808,"expiration date","Financial","MEDIUM"
809,"sort code","Financial","HIGH"
810,"account number","Financial","HIGH"
811,"routing number","Financial","HIGH"
812,"IBAN","Financial","HIGH"
813,"SWIFT code","Financial","HIGH"
814,"BIC code","Financial","HIGH"
815,"PIN number","Financial","HIGH"
816,"PIN code","Financial","HIGH"
817,"passcode","Financial","HIGH"
818,"password","Financial","HIGH"
819,"secret question","Financial","HIGH"
820,"security answer","Financial","HIGH"
821,"mothers maiden name","Financial","HIGH"
822,"date of birth","Financial","MEDIUM"
823,"national insurance","Financial","HIGH"
824,"social security","Financial","HIGH"
825,"tax identification","Financial","HIGH"
826,"PPS number","Financial","HIGH"
827,"passport number","Financial","HIGH"
828,"driving licence","Financial","HIGH"
829,"bank account","Financial","HIGH"
830,"bank details","Financial","HIGH"
831,"wire transfer","Financial","HIGH"
832,"bank transfer","Financial","HIGH"
833,"direct debit","Financial","MEDIUM"
834,"standing order","Financial","MEDIUM"
835,"payment details","Financial","HIGH"
836,"billing address","Financial","MEDIUM"
837,"four digits","Financial","HIGH"
838,"last four","Financial","HIGH"
839,"first six","Financial","HIGH"
840,"sixteen digits","Financial","HIGH"
841,"long number","Financial","HIGH"
842,"number on the front","Financial","HIGH"
843,"three digits on back","Financial","HIGH"
844,"chip and pin","Financial","MEDIUM"
845,"contactless limit","Financial","LOW"
846,"overdraft","Financial","MEDIUM"
847,"credit limit","Financial","MEDIUM"
848,"available balance","Financial","MEDIUM"
849,"outstanding balance","Financial","MEDIUM"
850,"minimum payment","Financial","LOW"
851,"interest rate","Financial","LOW"
852,"APR","Financial","LOW"
853,"annual fee","Financial","LOW"
854,"late payment fee","Financial","LOW"
855,"penalty charge","Financial","MEDIUM"
856,"unauthorized transaction","Financial","HIGH"
857,"fraudulent transaction","Financial","HIGH"
858,"suspicious activity","Financial","HIGH"
859,"identity theft","Financial","HIGH"
860,"identity fraud","Financial","HIGH"
861,"phishing","Financial","HIGH"
862,"vishing","Financial","HIGH"
863,"smishing","Financial","HIGH"
864,"social engineering","Financial","HIGH"
865,"impersonation","Financial","HIGH"
866,"account takeover","Financial","HIGH"
867,"compromised account","Financial","HIGH"
868,"stolen card","Financial","HIGH"
869,"lost card","Financial","HIGH"
870,"skimming","Financial","HIGH"
871,"cloning","Financial","HIGH"
872,"counterfeit card","Financial","HIGH"
873,"card not present","Financial","HIGH"
874,"chargeback","Financial","HIGH"
875,"dispute transaction","Financial","HIGH"
876,"refund fraud","Financial","HIGH"
877,"friendly fraud","Financial","HIGH"
878,"first-party fraud","Financial","HIGH"
879,"application fraud","Financial","HIGH"
880,"synthetic identity","Financial","HIGH"
881,"money mule","Financial","HIGH"
882,"advance fee fraud","Financial","HIGH"
883,"investment scam","Financial","HIGH"
884,"romance scam","Financial","HIGH"
885,"authorized push payment","Financial","HIGH"
886,"APP fraud","Financial","HIGH"
887,"bank impersonation","Financial","HIGH"
888,"police impersonation","Financial","HIGH"
889,"HMRC scam","Financial","HIGH"
890,"tax refund scam","Financial","HIGH"
891,"lottery scam","Financial","HIGH"
892,"inheritance scam","Financial","HIGH"
893,"cryptocurrency scam","Financial","HIGH"
894,"bitcoin fraud","Financial","HIGH"
895,"gift card scam","Financial","HIGH"
896,"voucher fraud","Financial","HIGH"
897,"premium rate scam","Financial","HIGH"
898,"subscription trap","Financial","HIGH"
899,"free trial scam","Financial","HIGH"
900,"debt collection scam","Financial","HIGH"
901,"bailiff scam","Financial","HIGH"
902,"utility scam","Financial","HIGH"
903,"energy scam","Financial","HIGH"
904,"insurance scam","Financial","HIGH"
905,"pension scam","Financial","HIGH"
906,"annuity fraud","Financial","HIGH"
907,"mis-selling","Financial","HIGH"
908,"PPI claim","Financial","HIGH"
909,"endowment mis-selling","Financial","HIGH"
910,"pension mis-selling","Financial","HIGH"
911,"mortgage fraud","Financial","HIGH"
912,"equity release scam","Financial","HIGH"
913,"loan shark","Financial","HIGH"
914,"unlicensed lending","Financial","HIGH"
915,"predatory lending","Financial","HIGH"
916,"usury","Financial","HIGH"
917,"excessive interest","Financial","HIGH"
918,"hidden charges","Financial","HIGH"
919,"undisclosed fees","Financial","HIGH"
920,"unfair charges","Financial","HIGH"
921,"disproportionate fees","Financial","HIGH"
922,"financial abuse","Financial","HIGH"
923,"economic abuse","Financial","HIGH"
924,"coercive control","Financial","HIGH"
925,"financial exploitation","Financial","HIGH"
926,"elder abuse","Financial","HIGH"
927,"vulnerable customer","Financial","HIGH"
928,"capacity concerns","Financial","HIGH"
929,"undue pressure","Financial","HIGH"
930,"cooling off period","Financial","MEDIUM"
931,"cancellation rights","Financial","MEDIUM"
932,"distance selling","Financial","MEDIUM"
933,"consumer credit act","Financial","MEDIUM"
934,"consumer rights act","Financial","MEDIUM"
935,"financial conduct authority","Financial","HIGH"
936,"FCA regulated","Financial","MEDIUM"
937,"PRA regulated","Financial","MEDIUM"
938,"FSCS protection","Financial","MEDIUM"
939,"financial services compensation","Financial","MEDIUM"
940,"deposit protection","Financial","MEDIUM"
941,"investor protection","Financial","MEDIUM"
942,"market abuse","Financial","HIGH"
943,"front running","Financial","HIGH"
944,"spoofing","Financial","HIGH"
945,"layering","Financial","HIGH"
946,"wash trading","Financial","HIGH"
947,"churning","Financial","HIGH"
948,"best execution","Financial","MEDIUM"
949,"suitability","Financial","MEDIUM"
950,"know your customer","Financial","MEDIUM"
951,"KYC","Financial","MEDIUM"
952,"anti money laundering","Financial","HIGH"
953,"AML","Financial","HIGH"
954,"suspicious activity report","Financial","HIGH"
955,"SAR","Financial","HIGH"
956,"politically exposed person","Financial","HIGH"
957,"PEP","Financial","HIGH"
958,"sanctions screening","Financial","HIGH"
959,"terrorist financing","Financial","HIGH"
960,"proliferation financing","Financial","HIGH"
961,"trade based laundering","Financial","HIGH"
962,"smurfing","Financial","HIGH"
963,"structuring","Financial","HIGH"
964,"placement","Financial","MEDIUM"
965,"layering stage","Financial","HIGH"
966,"integration stage","Financial","HIGH"
967,"beneficial owner","Financial","HIGH"
968,"ultimate beneficial owner","Financial","HIGH"
969,"shell company","Financial","HIGH"
970,"offshore account","Financial","HIGH"
971,"tax haven","Financial","HIGH"
972,"tax evasion","Financial","HIGH"
973,"tax avoidance","Financial","MEDIUM"
974,"aggressive tax planning","Financial","HIGH"
975,"transfer pricing","Financial","MEDIUM"
976,"profit shifting","Financial","HIGH"
977,"base erosion","Financial","HIGH"
978,"BEPS","Financial","HIGH"
979,"country by country reporting","Financial","MEDIUM"
980,"common reporting standard","Financial","MEDIUM"
981,"CRS","Financial","MEDIUM"
982,"FATCA","Financial","HIGH"
983,"automatic exchange","Financial","MEDIUM"
984,"voluntary disclosure","Financial","HIGH"
985,"tax amnesty","Financial","HIGH"
986,"penalty for non-disclosure","Financial","HIGH"
987,"deliberate and concealed","Financial","HIGH"
988,"reasonable care","Financial","MEDIUM"
989,"careless error","Financial","MEDIUM"
990,"discovery assessment","Financial","HIGH"
991,"enquiry","Financial","MEDIUM"
992,"investigation","Financial","HIGH"
993,"dawn raid","Financial","HIGH"
994,"search and seizure","Financial","HIGH"
995,"production order","Financial","HIGH"
996,"account freezing order","Financial","HIGH"
997,"unexplained wealth order","Financial","HIGH"
998,"civil recovery","Financial","HIGH"
999,"asset forfeiture","Financial","HIGH"
1000,"confiscation","Financial","HIGH"
1001,"restraint","Financial","HIGH"
1002,"receivership","Financial","HIGH"
1003,"insolvency","Financial","HIGH"
1004,"bankruptcy","Financial","HIGH"
1005,"liquidation","Financial","HIGH"
1006,"administration","Financial","MEDIUM"
1007,"creditors voluntary","Financial","HIGH"
1008,"compulsory winding up","Financial","HIGH"
1009,"petition for bankruptcy","Financial","HIGH"
1010,"individual voluntary arrangement","Financial","HIGH"
1011,"IVA","Financial","HIGH"
1012,"debt relief order","Financial","HIGH"
1013,"DRO","Financial","HIGH"
1014,"breathing space","Financial","MEDIUM"
1015,"moratorium","Financial","MEDIUM"
1016,"debt management plan","Financial","MEDIUM"
1017,"full and final settlement","Financial","HIGH"
1018,"token payment","Financial","MEDIUM"
1019,"write off","Financial","HIGH"
1020,"statute barred debt","Financial","HIGH"
1021,"credit file","Financial","MEDIUM"
1022,"credit score","Financial","MEDIUM"
1023,"credit reference","Financial","MEDIUM"
1024,"adverse credit","Financial","MEDIUM"
1025,"CCJ","Financial","HIGH"
1026,"county court judgment","Financial","HIGH"
1027,"default notice","Financial","HIGH"
1028,"arrears","Financial","MEDIUM"
1029,"in default","Financial","HIGH"
1030,"debt recovery","Financial","HIGH"
1031,"enforcement agent","Financial","HIGH"
1032,"high court writ","Financial","HIGH"
1033,"charging order","Financial","HIGH"
1034,"attachment of earnings","Financial","HIGH"
1035,"third party debt order","Financial","HIGH"
1036,"warrant of control","Financial","HIGH"
1037,"walking possession","Financial","HIGH"
1038,"controlled goods","Financial","HIGH"
1039,"exempt goods","Financial","MEDIUM"
1040,"vulnerability flag","Financial","HIGH"
1041,"hardship","Financial","MEDIUM"
1042,"financial difficulty","Financial","MEDIUM"
1043,"affordability","Financial","MEDIUM"
1044,"income and expenditure","Financial","MEDIUM"
1045,"priority debts","Financial","MEDIUM"
1046,"non priority debts","Financial","LOW"
1047,"secured debt","Financial","MEDIUM"
1048,"unsecured debt","Financial","MEDIUM"
1049,"guarantee","Financial","MEDIUM"
1050,"personal guarantee","Financial","HIGH"
1051,"joint liability","Financial","HIGH"
1052,"co-signer","Financial","HIGH"
1053,"surety","Financial","HIGH"
1054,"collateral","Financial","MEDIUM"
1055,"lien","Financial","HIGH"
1056,"pledge","Financial","MEDIUM"
1057,"hypothecation","Financial","MEDIUM"
1058,"subordination","Financial","MEDIUM"
1059,"pari passu","Financial","MEDIUM"
1060,"waterfall","Financial","LOW"
1061,"senior debt","Financial","MEDIUM"
1062,"junior debt","Financial","MEDIUM"
1063,"mezzanine","Financial","MEDIUM"
1064,"convertible note","Financial","MEDIUM"
1065,"debenture","Financial","MEDIUM"
1066,"bond default","Financial","HIGH"
1067,"credit event","Financial","HIGH"
1068,"cross default","Financial","HIGH"
1069,"acceleration clause","Financial","HIGH"
1070,"material adverse change","Financial","HIGH"
1071,"MAC clause","Financial","HIGH"
1072,"force majeure clause","Financial","MEDIUM"
1073,"hardship clause","Financial","MEDIUM"
1074,"change of control","Financial","HIGH"
1075,"drag along","Financial","MEDIUM"
1076,"tag along","Financial","MEDIUM"
1077,"pre-emption right","Financial","MEDIUM"
1078,"right of first refusal","Financial","MEDIUM"
1079,"anti-dilution","Financial","MEDIUM"
1080,"ratchet","Financial","MEDIUM"
1081,"liquidation preference","Financial","HIGH"
1082,"participating preferred","Financial","MEDIUM"
1083,"non-participating","Financial","LOW"
1084,"cap table","Financial","MEDIUM"
1085,"vesting schedule","Financial","MEDIUM"
1086,"cliff vesting","Financial","LOW"
1087,"good leaver bad leaver","Financial","HIGH"
1088,"compulsory transfer","Financial","HIGH"
1089,"squeeze out","Financial","HIGH"
1090,"minority buyout","Financial","HIGH"
1091,"unfair prejudice","Financial","HIGH"
1092,"derivative action","Financial","HIGH"
1093,"just and equitable winding up","Financial","HIGH"
1101,"personal data","GDPR","HIGH"
1102,"data subject","GDPR","HIGH"
1103,"right to erasure","GDPR","HIGH"
1104,"right to be forgotten","GDPR","HIGH"
1105,"data breach","GDPR","HIGH"
1106,"data protection","GDPR","MEDIUM"
1107,"consent","GDPR","MEDIUM"
1108,"data controller","GDPR","MEDIUM"
1109,"data processor","GDPR","MEDIUM"
1110,"subject access request","GDPR","HIGH"
1111,"SAR","GDPR","HIGH"
1112,"DPIA","GDPR","MEDIUM"
1113,"data protection officer","GDPR","MEDIUM"
1114,"DPO","GDPR","MEDIUM"
1115,"lawful basis","GDPR","MEDIUM"
1116,"legitimate interest","GDPR","MEDIUM"
1117,"right to rectification","GDPR","HIGH"
1118,"right to portability","GDPR","HIGH"
1119,"right to object","GDPR","HIGH"
1120,"profiling","GDPR","MEDIUM"
1121,"automated decision","GDPR","MEDIUM"
1122,"special category data","GDPR","HIGH"
1123,"sensitive personal data","GDPR","HIGH"
1124,"cross-border transfer","GDPR","HIGH"
1125,"adequacy decision","GDPR","MEDIUM"
1126,"standard contractual clauses","GDPR","MEDIUM"
1127,"privacy by design","GDPR","MEDIUM"
1128,"data minimisation","GDPR","MEDIUM"
1129,"storage limitation","GDPR","MEDIUM"
1130,"purpose limitation","GDPR","MEDIUM"
1131,"supervisory authority","GDPR","HIGH"
1132,"data protection commission","GDPR","HIGH"
1133,"ICO","GDPR","HIGH"
1134,"delete my data","GDPR","HIGH"
1135,"withdraw consent","GDPR","HIGH"
1136,"opt out","GDPR","MEDIUM"
1137,"unsubscribe","GDPR","MEDIUM"
1138,"privacy policy","GDPR","MEDIUM"
1139,"privacy notice","GDPR","MEDIUM"
1140,"data retention","GDPR","MEDIUM"
